timestamp,accel_x,accel_y,accel_z,gyro_x,gyro_y,gyro_z
2025-10-17T19:24:39.249564,-0.09,0.25,0.99,-2.08,3.05,5.92
2025-10-17T19:24:39.250566,-0.09,0.22,0.97,-1.95,2.26,12.82
2025-10-17T19:24:39.309051,-0.08,0.23,1.00,-10.19,-4.64,11.60
2025-10-17T19:24:39.310054,-0.04,0.21,0.95,-6.90,-3.17,10.31
2025-10-17T19:24:39.369787,-0.06,0.19,0.98,-5.13,4.21,10.31
2025-10-17T19:24:39.370787,-0.15,0.26,1.13,-6.59,6.53,9.03
2025-10-17T19:24:39.371786,-0.15,0.28,1.17,-6.35,-2.20,12.51
2025-10-17T19:24:39.429121,-0.21,0.27,1.22,-13.55,-2.93,2.99
2025-10-17T19:24:39.430121,-0.22,0.33,1.34,-15.20,-6.04,0.61
2025-10-17T19:24:39.489572,-0.14,0.38,1.35,-22.77,-7.93,0.67
2025-10-17T19:24:39.490572,-0.08,0.41,1.31,-37.60,-2.44,5.00
2025-10-17T19:24:39.491572,-0.09,0.29,1.28,-44.86,6.04,9.64
2025-10-17T19:24:39.548917,-0.11,0.13,1.22,-53.16,12.08,-7.08
2025-10-17T19:24:39.550192,-0.15,0.17,1.22,-54.69,9.95,-11.54
2025-10-17T19:24:39.609326,-0.18,0.15,1.19,-50.05,7.57,-2.93
2025-10-17T19:24:39.610330,-0.13,0.13,1.10,-43.58,5.07,9.09
2025-10-17T19:24:39.611331,-0.10,0.07,1.03,-41.38,10.01,9.89
2025-10-17T19:24:39.669325,-0.17,0.02,1.02,-37.23,11.84,6.29
2025-10-17T19:24:39.670329,-0.22,-0.02,1.04,-35.89,1.89,1.10
2025-10-17T19:24:39.729828,-0.16,-0.02,0.99,-25.02,-22.77,0.92
2025-10-17T19:24:39.729828,-0.07,-0.03,0.90,-17.46,-16.54,4.70
2025-10-17T19:24:39.731828,-0.03,-0.05,0.91,-18.55,-6.59,-0.73
2025-10-17T19:24:39.789913,-0.06,-0.02,0.97,-18.62,-8.42,-7.57
2025-10-17T19:24:39.789913,-0.06,-0.01,0.98,-16.54,-7.75,-4.21
2025-10-17T19:24:39.849158,-0.02,-0.05,0.97,-6.16,2.62,7.69
2025-10-17T19:24:39.850160,-0.01,-0.06,0.99,-10.80,7.32,-7.26
2025-10-17T19:24:39.909320,-0.04,-0.03,1.03,-27.71,8.24,-15.44
2025-10-17T19:24:39.910324,-0.11,-0.02,1.03,-26.73,11.05,-6.23
2025-10-17T19:24:39.911328,-0.12,-0.04,1.04,-20.39,9.83,-4.58
2025-10-17T19:24:39.969767,-0.11,-0.03,1.02,-22.09,5.13,-11.11
2025-10-17T19:24:39.969767,-0.13,-0.02,1.02,-28.44,-1.34,-20.26
2025-10-17T19:24:40.029317,-0.09,-0.02,1.00,-30.46,-5.19,-22.09
2025-10-17T19:24:40.030353,-0.04,-0.04,0.92,-25.88,-5.19,-15.26
2025-10-17T19:24:40.031358,-0.02,-0.09,0.87,-20.94,5.43,-18.98
2025-10-17T19:24:40.089315,-0.18,-0.02,0.98,-23.62,6.90,-27.40
2025-10-17T19:24:40.090320,-0.17,-0.05,0.95,-20.39,-7.57,-14.77
2025-10-17T19:24:40.149499,-0.02,-0.16,0.82,-16.11,-4.39,-0.79
2025-10-17T19:24:40.150498,0.01,-0.21,0.78,-20.94,7.45,-21.30
2025-10-17T19:24:40.151498,-0.07,-0.13,0.75,-19.29,10.01,-25.57
2025-10-17T19:24:40.209311,-0.13,-0.02,0.70,-21.42,-5.98,-6.96
2025-10-17T19:24:40.210315,-0.02,-0.07,0.52,-29.36,-16.30,8.67
2025-10-17T19:24:40.269310,-0.02,-0.18,0.36,-33.81,-14.59,3.42
2025-10-17T19:24:40.270314,-0.02,-0.21,0.33,-38.27,-13.92,-6.53
2025-10-17T19:24:40.271318,0.02,-0.15,0.32,-24.23,-18.25,-2.08
2025-10-17T19:24:40.329632,-0.03,-0.16,0.45,-27.28,-20.08,12.21
2025-10-17T19:24:40.330636,0.03,-0.23,0.46,-19.84,-21.61,15.26
2025-10-17T19:24:40.389305,0.04,-0.29,0.54,-17.03,-4.03,9.28
2025-10-17T19:24:40.390310,-0.01,-0.27,0.68,-16.11,-0.67,8.91
2025-10-17T19:24:40.392314,-0.12,-0.29,0.81,1.89,-15.81,19.35
2025-10-17T19:24:40.449592,-0.12,-0.48,0.80,20.02,-2.62,-11.60
2025-10-17T19:24:40.450592,-0.04,-0.54,0.88,22.52,-6.84,-44.56
2025-10-17T19:24:40.509672,-0.03,-0.24,0.93,36.56,-24.11,-40.04
2025-10-17T19:24:40.509672,-0.11,-0.11,1.00,36.56,-29.54,-22.46
2025-10-17T19:24:40.569431,-0.16,-0.23,1.01,48.77,-3.36,-5.55
2025-10-17T19:24:40.570432,-0.04,-0.33,0.98,56.09,-9.40,-19.78
2025-10-17T19:24:40.571433,0.13,-0.12,0.87,54.08,-22.71,-29.72
2025-10-17T19:24:40.629299,-0.03,-0.05,1.01,34.12,9.46,-28.93
2025-10-17T19:24:40.630304,-0.07,-0.17,1.09,41.02,17.33,-29.42
2025-10-17T19:24:40.689543,0.12,-0.02,1.03,62.50,-13.43,-20.63
2025-10-17T19:24:40.690544,0.22,0.10,0.91,53.41,-11.54,-12.88
2025-10-17T19:24:40.691544,0.03,-0.08,0.97,40.89,31.37,-0.67
2025-10-17T19:24:40.749887,-0.13,-0.17,1.34,21.12,23.50,-37.48
2025-10-17T19:24:40.808743,-0.01,0.07,1.28,19.84,-34.85,-41.50
2025-10-17T19:24:40.809746,0.18,0.24,1.06,22.34,-39.00,-12.63
2025-10-17T19:24:40.810744,0.05,0.02,1.21,26.31,17.46,-0.92
2025-10-17T19:24:40.811745,-0.07,-0.12,1.43,35.58,18.25,-16.30
2025-10-17T19:24:40.869884,0.10,0.06,1.28,45.90,-13.67,-14.28
2025-10-17T19:24:40.869884,0.26,0.13,1.03,38.02,14.53,-3.85
2025-10-17T19:24:40.929292,-0.01,0.00,1.31,14.04,70.25,-11.47
2025-10-17T19:24:40.930296,-0.13,0.06,1.54,13.24,47.24,-16.72
2025-10-17T19:24:40.931300,0.04,0.18,1.28,25.82,0.79,-8.48
2025-10-17T19:24:40.989288,0.10,0.16,1.10,15.69,13.24,0.06
2025-10-17T19:24:40.990292,-0.06,0.01,1.24,0.79,35.10,-8.48
2025-10-17T19:24:41.049287,-0.09,0.18,1.31,13.61,1.77,-6.71
2025-10-17T19:24:41.050292,-0.04,0.22,1.19,7.14,-6.04,-2.32
2025-10-17T19:24:41.052291,-0.00,0.14,1.03,6.41,0.98,10.56
2025-10-17T19:24:41.109539,-0.04,0.02,0.97,7.08,11.96,8.79
2025-10-17T19:24:41.110544,-0.08,0.05,1.02,-0.37,11.96,-8.42
2025-10-17T19:24:41.169613,-0.04,0.14,1.00,5.74,8.42,-3.54
2025-10-17T19:24:41.169613,-0.08,0.12,1.00,3.30,17.52,0.06
2025-10-17T19:24:41.171613,-0.14,0.06,1.12,9.95,8.06,-2.44
2025-10-17T19:24:41.229282,-0.10,0.10,1.08,16.30,1.16,-3.23
2025-10-17T19:24:41.230287,-0.08,0.10,1.08,10.07,0.61,-6.04
2025-10-17T19:24:41.348279,-0.07,0.15,1.09,7.69,1.04,-5.92
2025-10-17T19:24:41.349284,-0.10,0.13,1.14,6.16,0.98,-1.04
2025-10-17T19:24:41.350284,-0.09,0.11,1.10,9.46,-2.87,-0.06
2025-10-17T19:24:41.352282,-0.06,0.15,1.06,6.53,3.36,1.95
2025-10-17T19:24:41.353283,-0.13,0.10,1.15,2.69,10.07,3.72
2025-10-17T19:24:41.409840,-0.14,0.08,1.16,3.05,2.44,0.31
2025-10-17T19:24:41.409840,-0.11,0.12,1.13,2.93,-2.75,-0.49
2025-10-17T19:24:41.469533,-0.10,0.14,1.09,0.12,-5.25,-1.28
2025-10-17T19:24:41.470536,-0.12,0.13,1.12,-4.15,-3.72,-2.26
2025-10-17T19:24:41.471533,-0.11,0.12,1.12,7.63,-12.08,-0.12
2025-10-17T19:24:41.530582,-0.04,0.15,1.07,6.23,-13.55,-0.92
2025-10-17T19:24:41.531582,-0.05,0.17,1.14,-6.23,-3.85,-0.98
2025-10-17T19:24:41.589273,-0.08,0.16,1.22,-6.47,-5.68,0.00
2025-10-17T19:24:41.590282,-0.07,0.20,1.25,2.99,-12.70,6.47
2025-10-17T19:24:41.591281,-0.04,0.17,1.22,4.64,-14.59,10.07
2025-10-17T19:24:41.649590,-0.01,0.15,1.17,-4.27,-11.11,11.17
2025-10-17T19:24:41.650593,-0.06,0.10,1.25,-21.97,-11.17,7.39
2025-10-17T19:24:41.709862,-0.08,0.12,1.25,-18.01,-21.42,8.67
2025-10-17T19:24:41.709862,0.01,0.15,1.13,-8.06,-19.78,14.34
2025-10-17T19:24:41.711863,0.03,0.10,1.08,-12.15,-13.49,16.36
2025-10-17T19:24:41.769269,-0.00,0.08,1.12,-29.85,-14.89,8.48
2025-10-17T19:24:41.770273,0.01,0.09,1.11,-38.33,-19.78,5.62
2025-10-17T19:24:41.829267,0.05,0.08,1.02,-35.34,-14.16,7.63
2025-10-17T19:24:41.830271,0.03,0.09,1.05,-23.99,-7.02,11.84
2025-10-17T19:24:41.831276,0.03,0.09,1.07,-17.94,-8.24,17.70
2025-10-17T19:24:41.948994,0.10,0.06,0.98,-19.65,-12.82,20.87
2025-10-17T19:24:41.949996,0.07,0.05,1.01,-34.24,-0.73,14.65
2025-10-17T19:24:41.950993,-0.02,0.02,1.11,-24.41,-1.65,16.36
2025-10-17T19:24:41.951999,0.00,0.02,1.02,-11.54,-9.89,17.76
2025-10-17T19:24:41.952994,0.08,-0.01,0.99,-16.05,-7.75,14.34
2025-10-17T19:24:42.009262,0.03,-0.09,1.08,-17.70,-0.49,9.22
2025-10-17T19:24:42.010266,0.00,-0.04,1.16,-10.93,-8.61,9.40
2025-10-17T19:24:42.069852,0.07,0.02,1.08,-1.71,-10.19,17.40
2025-10-17T19:24:42.069852,0.11,-0.02,1.06,-0.43,0.12,15.26
2025-10-17T19:24:42.129259,0.07,-0.08,1.14,-12.33,12.27,9.77
2025-10-17T19:24:42.130263,0.03,-0.08,1.15,-14.77,3.78,11.41
2025-10-17T19:24:42.131264,0.04,-0.02,1.11,-12.88,1.04,11.66
2025-10-17T19:24:42.189256,0.10,0.02,1.03,-3.85,7.02,21.06
2025-10-17T19:24:42.190261,0.12,-0.07,0.96,-4.27,17.21,18.92
2025-10-17T19:24:42.308834,0.04,-0.13,0.97,0.61,24.84,9.64
2025-10-17T19:24:42.309838,0.00,-0.09,1.00,-4.76,9.28,-5.43
2025-10-17T19:24:42.310838,0.02,-0.00,1.01,-9.46,8.30,-6.41
2025-10-17T19:24:42.311843,0.06,0.00,0.99,-7.14,8.06,8.85
2025-10-17T19:24:42.312842,0.09,-0.04,0.92,-8.97,13.18,8.97
2025-10-17T19:24:42.369845,-0.01,-0.07,0.95,-29.36,19.84,-12.33
2025-10-17T19:24:42.369845,-0.06,-0.07,0.99,-36.74,9.16,-18.55
2025-10-17T19:24:42.371845,-0.02,-0.04,0.83,-25.02,-6.47,2.50
2025-10-17T19:24:42.429251,0.05,-0.08,0.68,-29.60,2.26,6.53
2025-10-17T19:24:42.430256,-0.01,-0.17,0.69,-35.28,15.08,-2.26
2025-10-17T19:24:42.489114,-0.14,-0.23,0.81,-20.02,3.72,-0.85
2025-10-17T19:24:42.490120,-0.08,-0.21,0.76,-3.36,-8.06,6.35
2025-10-17T19:24:42.492119,-0.01,-0.18,0.69,6.53,-2.14,10.38
2025-10-17T19:24:42.549671,-0.06,-0.16,0.74,-2.50,-1.89,-1.65
2025-10-17T19:24:42.549671,-0.15,-0.13,0.74,-8.06,-8.24,-2.81
2025-10-17T19:24:42.609564,-0.09,-0.12,0.66,10.44,-21.79,6.59
2025-10-17T19:24:42.610564,-0.01,-0.13,0.62,15.08,-23.01,9.83
2025-10-17T19:24:42.611562,0.01,-0.12,0.66,11.35,-16.91,5.92
2025-10-17T19:24:42.668958,0.04,-0.15,0.71,5.25,-9.46,2.08
2025-10-17T19:24:42.669962,0.08,-0.23,0.77,1.40,1.16,3.05
2025-10-17T19:24:42.728854,0.02,-0.25,0.84,8.48,7.39,6.90
2025-10-17T19:24:42.729856,-0.04,-0.27,0.96,18.25,4.52,7.20
2025-10-17T19:24:42.731858,-0.00,-0.18,0.98,22.77,-3.23,-2.69
2025-10-17T19:24:42.789298,0.02,-0.11,0.99,21.61,-0.43,-3.36
2025-10-17T19:24:42.790299,0.02,-0.10,1.03,13.24,2.26,-5.55
2025-10-17T19:24:42.849000,-0.02,-0.09,1.04,12.02,1.40,-6.53
2025-10-17T19:24:42.850001,-0.02,-0.06,1.05,15.93,-4.39,-5.25
2025-10-17T19:24:42.851998,0.02,-0.04,1.01,11.60,-7.69,-4.21
2025-10-17T19:24:42.909567,0.12,-0.05,0.94,8.73,-3.48,-3.05
2025-10-17T19:24:42.910570,0.08,-0.07,0.95,-1.34,8.00,-10.38
2025-10-17T19:24:42.969829,-0.03,-0.03,1.03,-6.77,7.45,-14.10
2025-10-17T19:24:42.969829,0.01,-0.02,1.00,10.13,-8.24,7.45
2025-10-17T19:24:43.029235,0.10,-0.07,0.92,14.65,-4.27,15.01
2025-10-17T19:24:43.030240,0.06,-0.10,0.94,-0.31,5.49,2.26
2025-10-17T19:24:43.032243,-0.01,-0.10,1.00,-1.34,7.20,-8.00
2025-10-17T19:24:43.089717,-0.01,-0.05,1.02,1.46,-2.44,-3.66
2025-10-17T19:24:43.089717,0.03,-0.04,0.96,8.48,-5.25,9.58
2025-10-17T19:24:43.149655,0.03,-0.10,0.96,10.68,0.31,9.64
2025-10-17T19:24:43.149655,0.06,-0.16,0.95,8.97,5.86,-6.16
2025-10-17T19:24:43.151856,-0.01,-0.08,1.01,7.69,4.15,-6.29
2025-10-17T19:24:43.209230,-0.06,-0.03,1.07,19.29,-5.68,6.65
2025-10-17T19:24:43.210235,0.03,-0.09,0.99,18.37,-7.26,5.98
2025-10-17T19:24:43.269229,0.05,-0.12,0.99,16.91,-3.17,-3.54
2025-10-17T19:24:43.270234,0.00,-0.06,1.04,17.03,-3.91,-11.54
2025-10-17T19:24:43.271234,-0.01,-0.00,1.07,17.82,-7.32,-8.24
2025-10-17T19:24:43.329226,0.02,-0.01,1.05,21.97,-6.77,1.16
2025-10-17T19:24:43.330231,0.05,-0.04,1.01,20.32,-1.28,-3.30
2025-10-17T19:24:43.389758,0.01,-0.02,1.05,16.48,-0.79,-8.36
2025-10-17T19:24:43.389758,0.02,0.02,1.04,15.99,-7.39,-6.84
2025-10-17T19:24:43.391757,0.06,0.03,1.00,11.47,-9.58,-7.32
2025-10-17T19:24:43.449578,0.08,0.04,0.98,1.71,-0.79,-9.16
2025-10-17T19:24:43.449578,0.03,0.02,1.02,1.34,2.56,-7.32
2025-10-17T19:24:43.509458,0.01,-0.03,1.03,14.53,-3.66,-5.37
2025-10-17T19:24:43.510457,0.06,0.02,0.99,9.89,-6.04,-16.24
2025-10-17T19:24:43.511458,0.07,0.05,1.00,5.25,-2.62,-19.78
2025-10-17T19:24:43.569221,0.08,0.07,1.03,-6.71,-2.14,-16.54
2025-10-17T19:24:43.570225,0.07,0.05,1.02,-5.74,4.15,-15.20
2025-10-17T19:24:43.629218,0.04,0.02,1.04,0.24,7.14,-16.11
2025-10-17T19:24:43.630223,0.01,0.04,1.09,2.69,3.97,-1.04
2025-10-17T19:24:43.631225,0.06,0.09,1.06,11.47,-6.47,-6.71
2025-10-17T19:24:43.689217,0.13,0.08,0.97,-7.08,3.23,-11.23
2025-10-17T19:24:43.690222,0.09,0.04,0.99,-14.34,15.32,-13.98
2025-10-17T19:24:43.749766,0.01,0.02,1.07,-1.77,13.55,-7.20
2025-10-17T19:24:43.749766,0.03,0.06,1.04,3.42,4.03,-4.46
2025-10-17T19:24:43.751771,0.10,0.12,0.95,-1.77,6.65,0.67
2025-10-17T19:24:43.808971,0.07,0.11,0.98,-10.31,13.79,9.83
2025-10-17T19:24:43.809971,-0.03,-0.08,1.04,-4.33,16.78,7.45
2025-10-17T19:24:43.869406,-0.01,-0.06,1.04,-1.40,4.82,-8.97
2025-10-17T19:24:43.870411,0.04,0.04,0.99,-0.92,3.30,-8.06
2025-10-17T19:24:43.929210,0.00,0.11,1.03,-4.03,14.28,6.47
2025-10-17T19:24:43.930214,-0.03,-0.03,1.05,3.36,21.00,8.30
2025-10-17T19:24:43.931217,-0.03,-0.05,1.05,-5.19,14.77,-11.60
2025-10-17T19:24:43.989554,-0.01,0.08,1.04,-3.54,9.28,-6.65
2025-10-17T19:24:43.990549,-0.04,0.14,1.10,2.69,5.92,7.81
2025-10-17T19:24:44.049207,-0.00,-0.06,0.99,7.63,13.73,9.40
2025-10-17T19:24:44.050463,-0.01,-0.03,0.98,7.81,16.85,-1.53
2025-10-17T19:24:44.051469,-0.05,0.22,1.15,-12.82,13.24,-4.09
2025-10-17T19:24:44.109360,-0.05,0.20,1.17,-16.72,4.88,13.55
2025-10-17T19:24:44.110360,0.03,-0.04,0.95,10.07,0.37,31.07
2025-10-17T19:24:44.169071,-0.03,-0.03,1.04,-2.81,25.76,8.61
2025-10-17T19:24:44.170075,-0.14,0.01,1.21,-0.06,17.27,8.06
2025-10-17T19:24:44.172078,-0.07,0.03,1.16,4.46,-14.16,7.93
2025-10-17T19:24:44.229203,0.01,0.04,1.02,6.23,-15.20,11.41
2025-10-17T19:24:44.230207,0.03,-0.03,0.92,2.44,6.16,9.95
2025-10-17T19:24:44.289542,-0.05,-0.11,1.02,0.00,15.56,-7.51
2025-10-17T19:24:44.289542,-0.05,0.04,1.10,6.65,-1.10,-13.18
2025-10-17T19:24:44.291542,0.08,0.18,0.94,2.08,0.92,-4.03
2025-10-17T19:24:44.409197,0.00,0.08,0.96,-8.12,26.37,3.72
2025-10-17T19:24:44.410201,-0.19,-0.05,1.20,-4.52,18.07,-4.58
2025-10-17T19:24:44.411202,-0.17,0.02,1.21,5.68,-7.75,-6.59
2025-10-17T19:24:44.412201,-0.01,0.11,0.97,9.89,-18.98,-0.85
2025-10-17T19:24:44.414202,-0.01,0.06,0.94,-0.73,11.11,4.39
2025-10-17T19:24:44.469494,-0.10,-0.06,1.02,0.92,10.62,-0.61
2025-10-17T19:24:44.470498,-0.11,0.04,1.12,3.78,-4.27,-6.90
2025-10-17T19:24:44.529195,-0.05,0.08,1.02,6.84,-10.01,-1.59
2025-10-17T19:24:44.530201,-0.07,0.00,0.98,5.31,-0.79,2.62
2025-10-17T19:24:44.532204,-0.12,-0.05,1.03,7.87,5.25,-3.36
2025-10-17T19:24:44.588859,-0.08,0.07,1.06,7.26,-6.35,-7.51
2025-10-17T19:24:44.589858,-0.05,0.09,1.01,11.96,-0.37,2.38
2025-10-17T19:24:44.649192,-0.10,-0.01,1.03,8.54,4.70,-2.08
2025-10-17T19:24:44.650197,-0.10,0.06,1.07,9.64,-1.46,-6.47
2025-10-17T19:24:44.651198,-0.07,0.08,1.03,11.47,-6.65,-4.64
2025-10-17T19:24:44.709499,-0.03,0.07,0.94,15.75,-3.85,-0.18
2025-10-17T19:24:44.710502,-0.03,0.04,0.94,14.16,5.19,-3.30
2025-10-17T19:24:44.769552,-0.03,0.13,0.99,5.49,10.93,-6.10
2025-10-17T19:24:44.769552,-0.05,0.13,1.04,8.36,8.97,0.67
2025-10-17T19:24:44.829186,-0.08,0.07,1.04,11.72,6.53,1.10
2025-10-17T19:24:44.830192,-0.04,0.11,1.00,13.43,5.74,-0.73
2025-10-17T19:24:44.831191,-0.06,0.13,1.04,10.80,11.05,0.00
2025-10-17T19:24:44.889379,-0.12,0.08,1.10,7.02,9.40,0.67
2025-10-17T19:24:44.890381,-0.13,0.03,1.10,12.39,-0.37,-2.75
2025-10-17T19:24:44.949776,-0.07,0.12,1.06,16.72,-5.49,-6.16
2025-10-17T19:24:44.949776,-0.03,0.18,1.01,7.87,1.22,-1.71
2025-10-17T19:24:44.951776,-0.06,0.13,1.02,5.43,5.07,0.31
2025-10-17T19:24:45.009623,-0.09,0.08,1.05,8.18,3.54,-1.95
2025-10-17T19:24:45.009623,-0.08,0.11,1.04,12.27,2.50,-2.20
2025-10-17T19:24:45.069686,-0.09,0.13,1.07,7.57,2.14,-3.36
2025-10-17T19:24:45.069686,-0.08,0.12,1.07,9.28,1.22,-2.01
2025-10-17T19:24:45.071684,-0.10,0.12,1.19,13.18,4.94,-3.91
2025-10-17T19:24:45.129490,-0.07,0.20,1.29,7.81,-3.42,-4.52
2025-10-17T19:24:45.130494,-0.07,0.17,1.32,5.62,-5.19,-0.73
2025-10-17T19:24:45.189177,-0.06,0.17,1.35,-0.12,-2.81,0.31
2025-10-17T19:24:45.190182,-0.11,0.18,1.47,-1.10,-5.07,3.17
2025-10-17T19:24:45.191183,-0.05,0.22,1.39,10.74,-24.60,11.90
2025-10-17T19:24:45.250024,-0.01,0.21,1.30,8.00,-14.22,20.57
2025-10-17T19:24:45.250024,-0.03,0.14,1.30,-18.55,-21.55,13.67
2025-10-17T19:24:45.308942,-0.02,0.14,1.27,-29.85,-20.02,10.62
2025-10-17T19:24:45.309943,-0.03,0.12,1.30,-18.74,-16.85,14.89
2025-10-17T19:24:45.311946,-0.01,0.16,1.29,-7.51,-13.12,19.47
2025-10-17T19:24:45.428464,0.03,0.19,1.28,-19.90,-14.10,19.10
2025-10-17T19:24:45.429461,0.06,0.15,1.21,-30.15,-6.84,22.77
2025-10-17T19:24:45.430462,0.01,0.09,1.22,-35.52,2.87,17.76
2025-10-17T19:24:45.432464,-0.06,0.13,1.32,-27.65,-0.24,16.91
2025-10-17T19:24:45.433462,-0.03,0.18,1.29,-8.97,-15.38,28.50
2025-10-17T19:24:45.488898,0.11,0.08,1.12,-25.70,-14.95,23.32
2025-10-17T19:24:45.489898,0.03,0.05,1.13,-33.08,15.99,5.80
2025-10-17T19:24:45.549501,-0.16,0.18,1.40,-32.47,-7.87,5.92
2025-10-17T19:24:45.549501,0.00,0.24,1.17,-4.82,-26.98,31.92
2025-10-17T19:24:45.609166,0.20,0.05,0.85,-13.85,5.43,28.20
2025-10-17T19:24:45.610170,0.07,0.02,0.98,-32.35,20.39,0.67
2025-10-17T19:24:45.611173,-0.05,0.40,1.12,-58.78,-18.37,2.56
2025-10-17T19:24:45.669352,0.05,0.36,0.91,-54.02,-17.33,35.22
2025-10-17T19:24:45.670348,0.10,-0.08,0.72,-47.24,24.96,38.27
2025-10-17T19:24:45.729264,-0.09,-0.16,0.89,-35.28,23.74,7.45
2025-10-17T19:24:45.730268,-0.14,-0.00,0.94,-27.16,-1.83,13.00
2025-10-17T19:24:45.731264,0.02,-0.00,0.73,-19.90,-11.72,32.84
2025-10-17T19:24:45.789562,0.06,-0.20,0.64,-23.74,8.85,21.24
2025-10-17T19:24:45.789562,-0.08,-0.25,0.78,-23.93,8.30,-5.98
2025-10-17T19:24:45.849402,-0.15,-0.11,0.81,-16.05,-14.40,-0.18
2025-10-17T19:24:45.850405,-0.13,-0.11,0.72,-2.38,-20.08,11.72
2025-10-17T19:24:45.851403,0.15,-0.28,0.43,-9.95,-12.39,-7.57
2025-10-17T19:24:45.909161,0.16,-0.41,0.35,-13.12,12.70,-28.38
2025-10-17T19:24:45.909161,-0.18,-0.17,0.55,10.01,2.26,-30.21
2025-10-17T19:24:45.969157,-0.20,0.02,0.57,24.96,-21.30,2.26
2025-10-17T19:24:45.970161,0.13,-0.07,0.34,20.39,-28.02,12.21
2025-10-17T19:24:45.972165,0.21,-0.26,0.36,9.40,1.22,4.46
2025-10-17T19:24:46.029483,0.13,-0.31,0.50,2.69,22.40,-6.10
2025-10-17T19:24:46.030487,-0.12,-0.20,0.85,9.52,15.01,-9.95
2025-10-17T19:24:46.089154,-0.05,-0.20,0.85,20.75,-0.37,4.03
2025-10-17T19:24:46.090159,0.09,-0.19,0.83,17.52,5.62,4.70
2025-10-17T19:24:46.091163,0.05,-0.23,0.86,8.91,23.32,-10.74
2025-10-17T19:24:46.149565,-0.12,-0.20,1.04,7.93,16.78,-22.52
2025-10-17T19:24:46.149565,-0.10,-0.06,1.06,26.73,-8.48,-2.69
2025-10-17T19:24:46.209150,0.05,-0.08,0.95,29.91,-9.52,5.62
2025-10-17T19:24:46.210156,0.07,-0.14,0.93,13.73,6.29,-14.47
2025-10-17T19:24:46.269201,-0.03,-0.09,1.01,10.68,7.87,-25.27
2025-10-17T19:24:46.270201,-0.03,0.03,1.05,23.99,-9.22,-6.96
2025-10-17T19:24:46.271202,0.11,0.01,0.93,24.84,-1.46,5.37
2025-10-17T19:24:46.329516,0.08,-0.03,0.93,15.26,10.99,-2.69
2025-10-17T19:24:46.330517,-0.03,-0.04,1.04,3.48,18.13,-23.68
2025-10-17T19:24:46.389275,-0.04,0.01,1.06,8.67,6.90,-17.64
2025-10-17T19:24:46.390277,0.02,0.03,0.98,19.29,-0.12,0.61
2025-10-17T19:24:46.391276,0.03,0.00,0.96,17.15,7.08,-1.46
2025-10-17T19:24:46.449144,-0.02,-0.05,1.02,14.53,8.30,-9.77
2025-10-17T19:24:46.450149,-0.04,0.02,1.07,20.57,-1.34,-8.42
2025-10-17T19:24:46.509142,-0.01,0.05,1.04,26.67,-6.59,0.73
2025-10-17T19:24:46.510313,0.02,0.04,1.01,21.00,-1.10,-0.73
2025-10-17T19:24:46.511308,-0.00,0.03,1.04,16.60,0.12,-5.68
2025-10-17T19:24:46.569142,-0.02,0.06,1.05,13.12,-1.65,-10.25
2025-10-17T19:24:46.570147,-0.03,0.09,1.08,14.28,-8.36,-4.46
2025-10-17T19:24:46.629139,0.01,0.09,1.02,16.36,-9.03,-2.01
2025-10-17T19:24:46.630143,-0.01,0.06,1.04,9.77,-0.73,-8.24
2025-10-17T19:24:46.631145,-0.01,0.04,1.06,6.53,-2.38,-12.88
2025-10-17T19:24:46.689142,-0.00,0.12,1.06,12.94,-9.89,-5.07
2025-10-17T19:24:46.690146,0.03,0.12,1.02,13.92,-8.30,0.61
2025-10-17T19:24:46.749728,0.05,0.07,1.02,9.52,-2.01,-4.09
2025-10-17T19:24:46.749728,0.06,0.06,1.00,4.21,0.55,-11.72
2025-10-17T19:24:46.751824,0.05,0.10,1.02,-0.31,5.13,-14.89
2025-10-17T19:24:46.809133,0.00,0.12,1.07,5.68,2.08,-6.04
2025-10-17T19:24:46.810137,0.01,0.10,1.05,9.22,-0.12,-2.26
2025-10-17T19:24:46.869131,0.05,0.10,1.01,6.23,1.10,-5.74
2025-10-17T19:24:46.870136,0.03,0.12,1.03,3.30,3.30,-7.81
2025-10-17T19:24:46.872139,0.01,0.11,1.04,-1.83,4.39,-9.52
2025-10-17T19:24:46.929183,-0.01,0.13,1.04,2.01,-0.79,-5.80
2025-10-17T19:24:46.930185,0.02,0.13,1.01,7.32,-2.81,0.37
2025-10-17T19:24:46.989516,0.06,0.10,0.97,-2.01,1.53,-1.77
2025-10-17T19:24:46.989516,0.04,0.09,0.97,-11.11,7.69,-5.31
2025-10-17T19:24:46.991521,-0.02,0.07,1.03,-7.57,9.70,-10.62
2025-10-17T19:24:47.049128,-0.03,0.09,1.05,2.20,2.20,-6.41
2025-10-17T19:24:47.050136,0.03,0.11,1.00,8.91,-6.53,-1.28
2025-10-17T19:24:47.109408,0.08,0.08,0.94,1.46,3.72,-4.52
2025-10-17T19:24:47.109408,0.03,0.06,0.96,-1.65,13.67,-9.77
2025-10-17T19:24:47.169013,-0.06,0.09,1.07,1.59,18.37,-13.18
2025-10-17T19:24:47.170019,-0.08,0.11,1.12,4.33,6.65,-8.67
2025-10-17T19:24:47.172017,0.02,0.10,0.99,7.32,-4.94,-2.01
2025-10-17T19:24:47.229716,0.04,0.09,0.94,-2.93,9.22,-9.28
2025-10-17T19:24:47.229716,-0.03,0.06,1.00,-10.38,18.80,-16.05
2025-10-17T19:24:47.289639,-0.11,0.09,1.15,-3.30,6.77,-12.39
2025-10-17T19:24:47.289639,-0.06,0.12,1.09,8.42,-5.92,-0.18
2025-10-17T19:24:47.291639,-0.01,0.11,1.01,-0.24,2.26,-0.92
2025-10-17T19:24:47.349121,-0.04,0.07,1.05,-5.25,10.86,-3.97
2025-10-17T19:24:47.350125,-0.08,0.02,1.10,6.90,5.00,-4.58
2025-10-17T19:24:47.409119,-0.04,0.06,1.04,17.70,-7.08,-1.59
2025-10-17T19:24:47.410123,-0.02,0.13,1.02,17.15,-2.08,2.01
2025-10-17T19:24:47.411628,-0.01,0.14,1.03,17.27,-2.69,4.39
2025-10-17T19:24:47.469592,0.02,0.13,0.98,11.23,-2.56,1.16
2025-10-17T19:24:47.469592,0.04,0.16,0.95,3.85,8.06,-1.89
2025-10-17T19:24:47.529534,-0.02,0.18,1.02,-0.49,14.04,-1.22
2025-10-17T19:24:47.530534,-0.06,0.16,1.08,1.22,8.91,3.48
2025-10-17T19:24:47.531534,-0.03,0.13,0.99,1.34,4.82,3.17
2025-10-17T19:24:47.589113,-0.01,0.13,0.97,-3.42,6.65,1.28
2025-10-17T19:24:47.590118,-0.04,0.12,1.02,-11.78,7.75,-0.73
2025-10-17T19:24:47.649113,-0.04,0.11,1.00,-17.33,6.35,-4.94
2025-10-17T19:24:47.650117,-0.04,0.11,0.99,-21.73,9.95,-6.16
2025-10-17T19:24:47.651117,-0.07,0.06,1.01,-13.37,11.41,-2.20
2025-10-17T19:24:47.709111,-0.08,0.06,1.00,-9.16,7.81,-3.42
2025-10-17T19:24:47.710115,-0.10,0.07,1.04,-12.88,8.54,-7.20
2025-10-17T19:24:47.769526,-0.10,0.04,1.04,-10.74,8.67,-10.13
2025-10-17T19:24:47.769526,-0.09,0.04,1.01,4.58,2.93,-9.34
2025-10-17T19:24:47.771525,-0.08,0.09,1.01,10.80,6.53,-3.60
2025-10-17T19:24:47.888728,-0.10,0.11,1.03,7.57,5.43,-3.85
2025-10-17T19:24:47.889729,-0.10,0.07,1.03,1.40,7.87,-7.08
2025-10-17T19:24:47.890730,-0.10,0.06,1.04,2.62,3.72,-9.28
2025-10-17T19:24:47.891729,-0.09,0.13,1.04,3.48,6.96,-7.39
2025-10-17T19:24:47.892730,-0.12,0.14,1.11,0.55,8.73,-4.21
2025-10-17T19:24:47.949987,-0.14,0.10,1.12,8.61,3.91,-0.06
2025-10-17T19:24:47.949987,-0.12,0.08,1.09,7.69,1.89,-3.85
2025-10-17T19:24:48.009102,-0.07,0.16,1.04,2.75,-1.04,-8.12
2025-10-17T19:24:48.010043,-0.05,0.18,1.02,-14.28,5.86,-0.37
2025-10-17T19:24:48.068998,-0.08,0.13,1.03,2.32,10.13,2.69
2025-10-17T19:24:48.069998,-0.10,0.08,1.01,7.93,8.91,2.38
2025-10-17T19:24:48.071998,-0.11,0.10,1.02,7.26,9.03,-1.10
2025-10-17T19:24:48.129098,-0.10,0.15,1.02,3.66,9.22,-1.53
2025-10-17T19:24:48.130104,-0.09,0.14,0.98,0.79,12.45,-0.12
2025-10-17T19:24:48.189486,-0.14,0.09,1.01,3.48,18.25,2.01
2025-10-17T19:24:48.190488,-0.18,0.08,1.08,15.26,5.86,1.28
2025-10-17T19:24:48.191486,-0.12,0.14,0.99,11.05,2.81,-0.61
2025-10-17T19:24:48.249095,-0.13,0.14,1.00,5.86,8.97,0.49
2025-10-17T19:24:48.250099,-0.14,0.12,1.01,4.46,10.93,-0.85
2025-10-17T19:24:48.309531,-0.18,0.12,1.05,5.86,10.93,0.00
2025-10-17T19:24:48.309531,-0.20,0.10,1.07,10.07,4.94,0.67
2025-10-17T19:24:48.311528,-0.17,0.09,1.01,11.23,-0.55,-3.11
2025-10-17T19:24:48.369719,-0.16,0.13,0.98,2.38,-0.67,-7.45
2025-10-17T19:24:48.369719,-0.15,0.16,0.99,5.25,0.92,-4.15
2025-10-17T19:24:48.429517,-0.16,0.11,1.00,11.47,-0.37,-0.98
2025-10-17T19:24:48.430520,-0.17,0.09,1.00,14.89,-0.31,-3.42
2025-10-17T19:24:48.431520,-0.14,0.17,1.00,13.43,-2.20,-9.16
2025-10-17T19:24:48.489682,-0.13,0.22,1.01,6.77,0.79,-8.00
2025-10-17T19:24:48.489682,-0.16,0.17,1.06,8.18,-1.65,-1.16
2025-10-17T19:24:48.549090,-0.16,0.14,1.05,15.26,-2.26,-2.50
2025-10-17T19:24:48.550094,-0.15,0.19,1.07,10.56,-2.32,-6.59
2025-10-17T19:24:48.552099,-0.14,0.26,1.09,2.08,-1.34,-3.48
2025-10-17T19:24:48.609678,-0.17,0.21,1.13,1.40,-2.44,0.79
2025-10-17T19:24:48.609678,-0.15,0.14,1.11,11.11,-13.06,0.85
2025-10-17T19:24:48.669550,-0.07,0.20,1.06,6.23,0.73,-5.80
2025-10-17T19:24:48.669550,-0.15,0.26,1.30,-4.52,5.07,-1.77
2025-10-17T19:24:48.671557,-0.14,0.26,1.34,-5.74,-8.48,8.24
2025-10-17T19:24:48.729616,-0.11,0.24,1.28,-11.17,-5.07,10.62
2025-10-17T19:24:48.729616,-0.18,0.20,1.38,-22.22,0.79,11.35
2025-10-17T19:24:48.789083,-0.20,0.20,1.44,-24.96,-13.24,12.21
2025-10-17T19:24:48.790089,-0.14,0.19,1.33,-22.83,-26.25,18.98
2025-10-17T19:24:48.791091,-0.09,0.17,1.22,-14.89,-15.93,25.57
2025-10-17T19:24:48.849436,-0.10,0.21,1.23,-5.92,-5.13,32.29
2025-10-17T19:24:48.850437,-0.13,0.17,1.30,-13.92,-24.23,28.93
2025-10-17T19:24:48.909670,-0.04,0.16,1.15,-22.89,-26.67,27.95
2025-10-17T19:24:48.910675,-0.11,0.11,1.21,-44.07,-5.86,18.19
2025-10-17T19:24:48.969079,-0.19,0.10,1.35,-31.62,-14.22,18.31
2025-10-17T19:24:48.970083,-0.19,0.14,1.35,-7.32,-25.88,32.84
2025-10-17T19:24:48.971085,0.01,0.10,1.15,7.02,-37.17,40.10
2025-10-17T19:24:49.029076,0.08,0.10,1.06,-19.10,-23.01,25.76
2025-10-17T19:24:49.030167,0.01,0.00,1.10,2.26,7.75,29.79
2025-10-17T19:24:49.088662,-0.08,0.04,1.18,25.63,10.56,31.01
2025-10-17T19:24:49.090097,-0.06,0.23,1.21,11.05,-10.74,23.32
2025-10-17T19:24:49.091099,0.09,0.22,1.06,-31.80,-14.59,13.24
2025-10-17T19:24:49.149072,0.06,0.17,1.04,-52.92,-7.51,5.37
2025-10-17T19:24:49.150076,-0.04,0.16,1.10,-52.12,-7.20,1.16
2025-10-17T19:24:49.209072,-0.07,0.11,1.12,-40.65,-14.04,7.57
2025-10-17T19:24:49.210078,0.02,0.01,0.99,-33.51,-28.69,3.30
2025-10-17T19:24:49.211077,0.16,-0.01,0.83,-41.38,-20.26,-11.66
2025-10-17T19:24:49.269071,0.10,-0.00,0.82,-39.79,-2.56,-13.00
2025-10-17T19:24:49.270473,-0.08,0.03,0.99,-23.13,-2.69,-5.98
2025-10-17T19:24:49.329431,-0.01,0.02,0.87,-14.89,-13.55,4.46
2025-10-17T19:24:49.330432,0.16,-0.14,0.59,-5.86,3.48,10.74
2025-10-17T19:24:49.331433,0.09,-0.19,0.57,-19.41,17.64,-17.82
2025-10-17T19:24:49.388983,-0.21,0.13,0.77,-40.83,12.27,-48.52
2025-10-17T19:24:49.389986,-0.09,0.15,0.59,-31.01,-16.05,-10.50
2025-10-17T19:24:49.449065,0.08,-0.01,0.35,-23.74,-8.67,9.03
2025-10-17T19:24:49.450071,0.07,-0.25,0.26,-32.71,9.95,-12.39
2025-10-17T19:24:49.451071,-0.04,-0.20,0.32,-24.78,4.58,-22.52
2025-10-17T19:24:49.509655,-0.00,-0.09,0.35,1.95,-11.05,-1.28
2025-10-17T19:24:49.509655,0.09,-0.10,0.32,8.67,-4.46,23.74
2025-10-17T19:24:49.569061,0.13,-0.34,0.31,5.00,11.72,20.75
2025-10-17T19:24:49.570066,-0.00,-0.50,0.48,-0.85,29.54,-24.23
2025-10-17T19:24:49.629319,-0.11,-0.30,0.70,7.26,16.54,-29.05
2025-10-17T19:24:49.630317,0.02,-0.18,0.69,24.48,1.77,2.56
2025-10-17T19:24:49.631316,0.05,-0.23,0.69,25.39,10.07,7.14
2025-10-17T19:24:49.689578,-0.05,-0.25,0.90,16.97,17.82,-18.49
2025-10-17T19:24:49.690580,-0.06,-0.08,1.03,25.88,-2.81,-14.71
2025-10-17T19:24:49.749650,0.01,-0.00,1.01,31.01,-5.55,0.06
2025-10-17T19:24:49.750655,-0.00,-0.03,1.03,18.19,5.55,-1.10
2025-10-17T19:24:49.751649,-0.01,-0.12,1.06,11.72,14.83,-10.68
2025-10-17T19:24:49.809419,-0.00,-0.10,1.12,15.93,10.80,-28.32
2025-10-17T19:24:49.810419,-0.04,0.02,1.15,20.20,-1.89,-18.31
2025-10-17T19:24:49.869504,-0.05,0.07,1.17,31.25,-9.70,0.85
2025-10-17T19:24:49.870504,0.12,-0.07,1.01,25.27,-9.09,-2.50
2025-10-17T19:24:49.871505,0.13,-0.08,0.97,21.00,3.78,-15.32
2025-10-17T19:24:49.929052,-0.04,0.06,1.19,17.21,7.69,-19.23
2025-10-17T19:24:49.930057,-0.06,0.14,1.23,21.18,-7.08,-5.00
2025-10-17T19:24:49.989642,0.07,0.05,1.05,26.86,-9.58,7.51
2025-10-17T19:24:49.990647,0.09,-0.02,1.03,21.55,3.66,-9.34
2025-10-17T19:24:49.991642,0.02,0.05,1.11,18.13,2.69,-14.53
2025-10-17T19:24:50.049454,0.00,0.13,1.15,19.35,-10.19,-2.99
2025-10-17T19:24:50.049454,0.04,0.09,1.07,20.75,-8.73,2.32
2025-10-17T19:24:50.109624,0.06,0.07,1.06,11.96,-2.50,-9.22
2025-10-17T19:24:50.110625,0.05,0.10,1.06,10.31,-3.36,-9.89
2025-10-17T19:24:50.111626,0.03,0.13,1.08,13.79,-6.04,-1.77
2025-10-17T19:24:50.169420,0.06,0.06,1.03,7.20,-3.85,-3.97
2025-10-17T19:24:50.170422,0.06,0.06,1.04,-0.49,-0.67,-13.31
2025-10-17T19:24:50.229044,0.06,0.10,1.04,-3.54,2.26,-13.61
2025-10-17T19:24:50.230049,0.06,0.10,1.04,-1.16,1.22,-8.12
2025-10-17T19:24:50.231050,0.07,0.10,1.01,0.37,6.41,-3.11
2025-10-17T19:24:50.349462,0.04,0.08,1.04,-4.58,16.72,-9.34
2025-10-17T19:24:50.350464,0.00,0.06,1.08,-8.97,12.33,-14.89
2025-10-17T19:24:50.352034,0.02,0.10,1.05,-2.93,0.49,-5.98
2025-10-17T19:24:50.352571,0.03,0.09,1.01,4.94,1.22,1.65
2025-10-17T19:24:50.353845,0.02,0.04,1.03,3.11,6.47,-2.87
2025-10-17T19:24:50.409038,-0.00,0.07,1.05,0.98,4.64,-7.45
2025-10-17T19:24:50.410043,0.02,0.12,1.03,-6.10,-1.71,-9.16
2025-10-17T19:24:50.469036,0.01,0.08,1.04,-0.67,-0.61,0.61
2025-10-17T19:24:50.470040,0.01,0.04,1.02,3.23,0.00,-0.49
2025-10-17T19:24:50.529562,-0.00,0.07,1.01,8.18,5.86,-3.17
2025-10-17T19:24:50.529562,-0.02,0.10,1.05,8.18,5.19,-3.54
2025-10-17T19:24:50.531560,-0.02,0.08,1.07,-3.05,0.98,-5.98
2025-10-17T19:24:50.589626,-0.01,0.05,1.04,1.59,-0.55,-4.88
2025-10-17T19:24:50.589626,0.00,0.05,1.02,14.77,1.89,-3.17
2025-10-17T19:24:50.649658,-0.01,0.10,1.05,13.61,5.37,-5.31
2025-10-17T19:24:50.650657,-0.04,0.12,1.09,5.62,4.15,-4.82
2025-10-17T19:24:50.651657,-0.04,0.08,1.08,5.92,1.95,-3.66
2025-10-17T19:24:50.768775,-0.03,0.07,1.06,5.86,2.01,-5.49
2025-10-17T19:24:50.769775,-0.00,0.09,1.04,0.18,4.46,-9.95
2025-10-17T19:24:50.770778,-0.02,0.10,1.07,-0.18,3.78,-8.67
2025-10-17T19:24:50.771777,-0.01,0.11,1.06,8.06,-0.31,-2.32
2025-10-17T19:24:50.773775,-0.00,0.11,1.03,-0.55,2.93,-5.98
2025-10-17T19:24:50.829027,0.01,0.11,1.00,-3.54,5.13,-7.57
2025-10-17T19:24:50.830031,-0.01,0.10,1.04,1.77,4.39,-3.30
2025-10-17T19:24:50.889498,0.00,0.12,1.02,1.22,1.34,-2.75
2025-10-17T19:24:50.889498,0.03,0.12,0.94,-0.67,4.94,-0.31
2025-10-17T19:24:50.891498,0.01,0.09,0.97,-3.66,11.29,-0.24
2025-10-17T19:24:50.949426,-0.05,0.06,1.04,0.49,11.78,-3.48
2025-10-17T19:24:50.949426,-0.04,0.08,1.05,8.97,2.26,-1.53
2025-10-17T19:24:51.009021,0.01,0.14,0.98,5.07,4.58,0.12
2025-10-17T19:24:51.010027,-0.06,0.09,1.04,-0.24,13.37,0.79
2025-10-17T19:24:51.011028,-0.10,0.07,1.10,2.32,8.18,-0.55
2025-10-17T19:24:51.069985,-0.05,0.11,1.06,8.06,-4.15,-1.53
2025-10-17T19:24:51.069985,0.01,0.13,0.99,8.54,-2.26,0.49
2025-10-17T19:24:51.129671,-0.02,0.11,1.00,-0.73,8.85,-0.55
2025-10-17T19:24:51.130672,-0.07,0.11,1.08,-3.48,6.47,-1.77
2025-10-17T19:24:51.188448,-0.07,0.09,1.06,3.78,0.18,0.43
2025-10-17T19:24:51.189450,-0.02,0.10,1.00,5.07,-0.06,-1.10
2025-10-17T19:24:51.190451,-0.03,0.12,1.01,0.67,3.23,-3.36
2025-10-17T19:24:51.249416,-0.03,0.11,0.98,2.44,2.75,-0.49
2025-10-17T19:24:51.249416,-0.03,0.10,0.97,7.02,4.46,1.16
2025-10-17T19:24:51.251415,-0.03,0.12,0.99,6.59,5.98,-0.06
2025-10-17T19:24:51.309015,-0.03,0.12,0.98,-2.87,8.61,-2.99
2025-10-17T19:24:51.310019,-0.07,0.10,1.01,2.44,7.45,0.79
2025-10-17T19:24:51.369013,-0.06,0.09,1.01,11.05,4.82,-0.06
2025-10-17T19:24:51.370019,-0.05,0.13,1.00,7.32,5.13,-3.17
2025-10-17T19:24:51.371022,-0.06,0.14,1.01,1.04,9.40,-2.81
2025-10-17T19:24:51.429634,-0.09,0.09,1.01,6.41,6.53,-1.59
2025-10-17T19:24:51.429634,-0.09,0.10,1.04,10.68,3.05,-6.10
2025-10-17T19:24:51.489170,-0.07,0.14,1.03,7.08,4.03,-7.14
2025-10-17T19:24:51.490169,-0.07,0.19,1.02,1.53,8.61,-5.00
2025-10-17T19:24:51.549007,-0.11,0.16,1.08,2.81,8.30,0.67
2025-10-17T19:24:51.550013,-0.10,0.15,1.06,8.79,5.13,3.36
2025-10-17T19:24:51.551014,-0.06,0.18,0.98,4.21,5.00,2.50
2025-10-17T19:24:51.609006,-0.06,0.18,0.95,1.16,9.52,4.88
2025-10-17T19:24:51.610012,-0.10,0.11,0.99,6.53,11.72,4.33
2025-10-17T19:24:51.669588,-0.10,0.14,1.02,6.29,11.47,0.12
2025-10-17T19:24:51.670587,-0.10,0.19,1.00,4.88,12.39,1.34
2025-10-17T19:24:51.671584,-0.13,0.16,1.04,2.32,12.70,1.77
2025-10-17T19:24:51.729003,-0.13,0.13,1.03,8.18,9.40,0.79
2025-10-17T19:24:51.730007,-0.13,0.15,1.04,4.64,11.29,-6.71
2025-10-17T19:24:51.789547,-0.13,0.16,1.04,-0.92,13.12,-14.47
2025-10-17T19:24:51.790547,-0.17,0.17,1.09,-4.52,15.93,-18.13
2025-10-17T19:24:51.791547,-0.14,0.15,1.05,4.15,4.94,-16.11
2025-10-17T19:24:51.849000,-0.12,0.15,0.98,3.11,8.12,-20.08
2025-10-17T19:24:51.850006,-0.14,0.21,1.02,-3.66,15.75,-22.52
2025-10-17T19:24:51.909393,-0.18,0.21,1.07,-2.44,14.34,-16.05
2025-10-17T19:24:51.910391,-0.22,0.12,1.10,8.06,-0.49,-7.69
2025-10-17T19:24:51.911392,-0.17,0.15,1.01,10.25,-4.03,-7.26
2025-10-17T19:24:51.968997,-0.14,0.20,1.00,5.25,-1.04,-6.35
2025-10-17T19:24:51.970003,-0.18,0.20,1.10,-3.42,2.62,-0.18
2025-10-17T19:24:52.028996,-0.19,0.15,1.11,-0.06,-1.65,3.42
2025-10-17T19:24:52.030005,-0.17,0.14,1.10,-2.01,-4.64,-0.85
2025-10-17T19:24:52.031001,-0.17,0.18,1.13,-0.55,-5.25,0.98
2025-10-17T19:24:52.089309,-0.17,0.19,1.15,-0.67,-6.96,7.26
2025-10-17T19:24:52.090309,-0.17,0.14,1.15,-5.43,-8.30,5.80
2025-10-17T19:24:52.148993,-0.17,0.16,1.16,-6.53,-10.74,3.72
2025-10-17T19:24:52.149998,-0.17,0.19,1.18,-13.85,-13.31,3.17
2025-10-17T19:24:52.151002,-0.16,0.18,1.17,-9.46,-16.97,7.75
2025-10-17T19:24:52.208755,-0.11,0.16,1.09,-1.53,-16.42,12.57
2025-10-17T19:24:52.210760,-0.11,0.14,1.09,-9.03,-13.85,9.89
2025-10-17T19:24:52.268991,-0.12,0.16,1.12,-16.72,-18.07,7.57
2025-10-17T19:24:52.270649,-0.07,0.17,1.06,-23.13,-18.68,9.77
2025-10-17T19:24:52.329548,-0.08,0.14,1.07,-20.08,-12.82,14.22
2025-10-17T19:24:52.330550,-0.12,0.12,1.13,-6.96,-11.29,20.08
2025-10-17T19:24:52.331551,-0.10,0.10,1.10,-0.85,-14.34,20.08
2025-10-17T19:24:52.388983,-0.04,0.11,1.04,-9.16,-16.17,14.89
2025-10-17T19:24:52.389985,-0.04,0.12,1.07,-14.77,-5.07,13.73
2025-10-17T19:24:52.449595,-0.08,0.11,1.12,-11.41,-0.55,15.99
2025-10-17T19:24:52.450600,-0.10,0.07,1.14,11.05,-8.67,24.90
2025-10-17T19:24:52.451596,-0.05,0.09,1.11,9.40,-15.99,24.54
2025-10-17T19:24:52.508636,-0.01,0.11,1.08,-20.14,-12.21,12.15
2025-10-17T19:24:52.510637,-0.03,0.08,1.11,-35.95,-11.35,7.93
2025-10-17T19:24:52.568612,-0.05,0.05,1.13,-25.57,-12.94,12.63
2025-10-17T19:24:52.570614,-0.01,0.05,1.09,-16.72,-10.56,14.22
2025-10-17T19:24:52.571613,-0.01,0.05,1.11,-24.78,-13.67,11.78
2025-10-17T19:24:52.629195,-0.01,0.08,1.10,-25.09,-10.99,19.78
2025-10-17T19:24:52.630193,0.02,0.06,1.05,-14.53,-8.54,29.42
2025-10-17T19:24:52.688664,0.04,0.01,1.00,-17.27,-1.34,21.36
2025-10-17T19:24:52.690664,-0.03,0.04,1.09,-17.40,-0.61,13.85
2025-10-17T19:24:52.691667,-0.02,0.09,1.08,-7.87,-8.85,21.79
2025-10-17T19:24:52.748708,0.05,0.08,1.00,-16.48,-9.83,24.35
2025-10-17T19:24:52.750712,0.05,0.06,0.97,-24.78,1.04,20.51
2025-10-17T19:24:52.808755,-0.04,-0.02,1.06,-22.71,9.83,14.16
2025-10-17T19:24:52.810759,-0.06,-0.01,1.08,-13.92,-5.80,11.05
2025-10-17T19:24:52.811760,-0.00,0.03,1.03,-21.67,-14.53,9.22
2025-10-17T19:24:52.868918,0.05,-0.03,0.96,-29.97,-7.75,3.66
2025-10-17T19:24:52.869920,0.04,-0.10,0.94,-35.52,-0.73,-9.64
2025-10-17T19:24:52.929286,-0.04,-0.08,1.02,-22.58,0.67,-20.69
2025-10-17T19:24:52.930832,-0.04,-0.03,1.06,-6.41,-12.57,-7.87
2025-10-17T19:24:52.989517,0.10,-0.08,0.91,-23.68,-13.85,-11.90
2025-10-17T19:24:52.990520,0.11,-0.07,0.89,-45.23,-0.98,-33.63
2025-10-17T19:24:52.991519,0.05,-0.06,0.93,-34.79,7.20,-24.48
2025-10-17T19:24:53.048972,-0.05,-0.04,1.01,-19.96,5.62,-17.09
2025-10-17T19:24:53.049974,-0.00,-0.07,0.96,-16.11,-0.55,-10.01
2025-10-17T19:24:53.108715,0.09,-0.19,0.82,-24.23,8.00,-21.12
2025-10-17T19:24:53.110721,-0.02,-0.26,0.89,-26.25,18.25,-48.40
2025-10-17T19:24:53.111717,-0.13,-0.24,0.98,-16.85,10.38,-63.90
2025-10-17T19:24:53.168644,-0.05,-0.09,0.94,4.39,-19.90,-32.47
2025-10-17T19:24:53.170649,0.04,-0.08,0.84,1.04,-20.75,-27.53
2025-10-17T19:24:53.228775,0.07,-0.14,0.75,-8.24,-6.41,-41.20
2025-10-17T19:24:53.230778,0.09,-0.18,0.73,-18.55,9.64,-65.19
2025-10-17T19:24:53.231780,0.05,-0.09,0.76,-20.63,11.17,-48.40
2025-10-17T19:24:53.288955,0.01,-0.06,0.72,-9.83,0.79,-12.70
2025-10-17T19:24:53.289956,0.04,-0.14,0.61,-10.31,-2.87,-5.07
2025-10-17T19:24:53.349515,0.12,-0.31,0.48,-20.63,10.86,-31.80
2025-10-17T19:24:53.350520,0.12,-0.27,0.50,-22.71,16.17,-42.18
2025-10-17T19:24:53.351516,-0.01,-0.20,0.59,-5.13,7.93,-17.27
2025-10-17T19:24:53.408960,0.03,-0.37,0.58,31.49,-1.77,17.64
2025-10-17T19:24:53.409967,0.10,-0.50,0.58,37.23,-0.55,-0.92
2025-10-17T19:24:53.469528,0.05,-0.28,0.73,45.96,1.65,-18.01
2025-10-17T19:24:53.470530,-0.01,-0.12,0.90,54.69,-6.84,-0.73
2025-10-17T19:24:53.471528,0.03,-0.15,0.92,75.87,-16.05,33.39
2025-10-17T19:24:53.529550,0.10,-0.20,0.91,32.04,-4.09,-15.62
2025-10-17T19:24:53.530551,0.12,-0.05,0.97,15.08,6.65,-46.75
2025-10-17T19:24:53.589313,0.01,0.05,1.13,14.47,7.45,-35.64
2025-10-17T19:24:53.590310,-0.02,0.01,1.13,38.02,-4.76,-10.50
2025-10-17T19:24:53.591310,0.11,-0.10,1.05,53.04,-11.78,-16.60
2025-10-17T19:24:53.649546,0.17,-0.05,1.01,37.96,-7.14,-42.85
2025-10-17T19:24:53.650547,0.05,0.19,1.09,10.19,-0.24,-56.64
2025-10-17T19:24:53.709417,0.06,0.13,1.14,26.18,-3.97,-21.85
2025-10-17T19:24:53.710417,0.17,0.08,1.02,32.04,-8.00,-11.29
2025-10-17T19:24:53.829540,0.07,0.06,1.00,18.13,5.19,-21.42
2025-10-17T19:24:53.830542,0.06,0.04,1.10,8.42,7.63,-36.87
2025-10-17T19:24:53.831541,0.15,0.13,1.08,-0.18,-1.89,-37.96
2025-10-17T19:24:53.832540,0.16,0.15,1.01,11.05,1.95,-8.42
2025-10-17T19:24:53.833543,0.06,-0.02,1.03,16.91,9.09,-9.89
2025-10-17T19:24:53.835543,0.13,-0.02,1.01,6.47,7.51,-42.85
2025-10-17T19:24:53.888945,0.14,0.15,0.99,3.85,5.98,-40.41
2025-10-17T19:24:53.889951,0.02,0.19,1.01,9.46,11.72,-11.96
2025-10-17T19:24:53.949537,0.01,0.05,1.01,16.11,16.66,-5.25
2025-10-17T19:24:53.950539,0.17,0.01,0.89,8.54,15.32,-31.80
2025-10-17T19:24:54.009369,0.21,0.13,0.93,-9.46,32.71,-38.70
2025-10-17T19:24:54.010368,0.02,0.16,1.09,-10.74,39.61,-21.79
2025-10-17T19:24:54.011371,-0.06,0.00,1.14,12.51,31.43,0.31
2025-10-17T19:24:54.069468,-0.03,-0.03,1.06,17.09,26.55,-8.48
2025-10-17T19:24:54.070470,-0.05,0.14,1.07,-7.93,28.75,-34.18
2025-10-17T19:24:54.129368,-0.11,0.21,1.17,-18.19,22.09,-19.65
2025-10-17T19:24:54.130370,-0.13,0.11,1.15,0.12,9.58,-2.81
2025-10-17T19:24:54.131369,-0.05,-0.05,1.01,9.28,12.08,-12.21
2025-10-17T19:24:54.248517,-0.06,0.01,1.05,-0.85,14.40,-28.26
2025-10-17T19:24:54.249521,-0.10,0.15,1.11,-0.79,4.58,-21.00
2025-10-17T19:24:54.250522,-0.06,0.12,1.04,7.87,-1.71,-7.08
2025-10-17T19:24:54.251526,-0.06,0.08,1.03,18.55,3.48,1.77
2025-10-17T19:24:54.253522,-0.09,0.11,1.11,5.19,3.91,-3.97
2025-10-17T19:24:54.309331,-0.10,0.13,1.10,-4.33,4.58,-6.47
2025-10-17T19:24:54.310332,-0.08,0.11,1.08,-17.21,2.69,-9.95
2025-10-17T19:24:54.368934,-0.09,0.08,1.08,-14.89,1.83,-6.29
2025-10-17T19:24:54.369814,-0.10,0.02,1.05,-0.79,1.53,0.37
2025-10-17T19:24:54.371823,-0.09,0.01,1.02,2.62,2.56,-3.30
2025-10-17T19:24:54.428931,-0.09,0.07,1.09,5.74,2.87,-5.80
2025-10-17T19:24:54.429938,-0.10,0.09,1.12,15.62,-5.19,10.07
2025-10-17T19:24:54.489543,-0.11,0.05,1.10,16.66,-7.57,9.52
2025-10-17T19:24:54.490545,-0.04,0.08,1.01,9.77,-2.20,-4.94
2025-10-17T19:24:54.548517,-0.05,0.15,1.04,-3.54,2.62,-11.47
2025-10-17T19:24:54.550526,-0.07,0.16,1.06,0.24,-1.46,0.79
2025-10-17T19:24:54.551521,-0.05,0.13,1.00,4.33,-1.40,6.35
2025-10-17T19:24:54.609520,-0.03,0.10,0.95,-4.52,3.42,-0.06
2025-10-17T19:24:54.610524,-0.03,0.14,0.97,-14.04,8.36,-2.99
2025-10-17T19:24:54.669518,-0.06,0.12,1.01,-17.27,9.34,-1.83
2025-10-17T19:24:54.670519,-0.09,0.07,1.01,-1.10,4.64,6.47
2025-10-17T19:24:54.671518,-0.08,0.07,0.99,12.70,2.69,11.29
2025-10-17T19:24:54.728924,-0.08,0.10,1.02,21.48,4.82,13.98
2025-10-17T19:24:54.729929,-0.06,0.12,1.01,-9.52,7.81,1.46
2025-10-17T19:24:54.788923,-0.06,0.15,1.05,-8.85,5.19,4.70
2025-10-17T19:24:54.789929,-0.09,0.13,1.08,2.75,6.47,29.54
2025-10-17T19:24:54.790929,-0.11,0.11,1.10,10.99,9.83,33.57
2025-10-17T19:24:54.849438,-0.08,0.10,1.01,3.78,10.56,23.56
2025-10-17T19:24:54.850441,-0.09,0.15,1.07,-7.14,11.66,14.47
2025-10-17T19:24:54.908711,-0.10,0.13,1.05,-13.61,8.79,22.03
2025-10-17T19:24:54.909712,-0.11,0.09,1.00,-7.32,7.45,19.53
2025-10-17T19:24:54.911716,-0.12,0.04,0.98,-3.17,7.20,12.39
2025-10-17T19:24:54.969510,-0.13,0.09,1.05,-2.75,2.38,0.24
2025-10-17T19:24:54.970510,-0.10,0.10,1.03,-0.31,-7.63,5.13
2025-10-17T19:24:55.028915,-0.08,0.03,0.92,8.24,-6.04,4.15
2025-10-17T19:24:55.029922,-0.08,0.06,0.95,2.99,3.05,-8.67
2025-10-17T19:24:55.030921,-0.11,0.11,1.05,4.27,3.72,-7.93
2025-10-17T19:24:55.088915,-0.12,0.07,1.07,12.63,-2.26,-1.53
2025-10-17T19:24:55.089921,-0.09,0.05,1.00,14.28,-3.11,-3.54
2025-10-17T19:24:55.148913,-0.10,0.06,1.00,6.77,9.16,-19.65
2025-10-17T19:24:55.149920,-0.13,0.07,1.08,6.16,8.06,-26.18
2025-10-17T19:24:55.151921,-0.12,0.06,1.11,20.81,-4.52,-30.46
2025-10-17T19:24:55.208912,-0.08,0.06,1.06,34.18,-9.64,-37.17
2025-10-17T19:24:55.209917,-0.00,0.16,0.98,22.22,-0.49,-49.44
2025-10-17T19:24:55.268910,-0.06,0.24,1.10,-4.15,6.04,-55.48
2025-10-17T19:24:55.269917,-0.08,0.20,1.06,3.72,0.37,-47.18
2025-10-17T19:24:55.270915,-0.12,0.13,1.00,5.49,0.49,-48.40
2025-10-17T19:24:55.328910,-0.14,0.10,0.97,-12.70,13.37,-64.39
2025-10-17T19:24:55.329917,-0.23,0.10,0.96,-33.63,17.76,-91.25
2025-10-17T19:24:55.389228,-0.27,0.16,0.92,-50.54,11.90,-114.69
2025-10-17T19:24:55.390228,-0.35,0.07,0.96,-32.17,8.73,-110.29
2025-10-17T19:24:55.448976,-0.39,0.05,1.02,33.20,1.83,-108.15
2025-10-17T19:24:55.449977,-0.26,0.37,1.03,35.03,-9.77,-113.71
2025-10-17T19:24:55.450976,-0.18,0.50,1.14,-24.35,-17.82,-87.52
2025-10-17T19:24:55.508905,-0.17,0.20,0.91,-59.57,-2.01,-76.90
2025-10-17T19:24:55.509911,-0.19,-0.18,0.81,-46.14,11.11,-90.88
2025-10-17T19:24:55.569040,-0.09,0.15,1.17,14.95,-25.76,-60.18
2025-10-17T19:24:55.570038,0.04,0.09,0.86,6.04,-35.58,-39.67
2025-10-17T19:24:55.571038,-0.19,-0.16,0.95,-59.02,15.26,-65.92
2025-10-17T19:24:55.628721,-0.35,-0.15,1.15,-41.26,-7.39,-54.81
2025-10-17T19:24:55.630722,-0.20,-0.14,1.02,30.33,-26.79,-35.89
2025-10-17T19:24:55.689220,-0.10,-0.06,0.89,-3.66,-9.28,-44.49
2025-10-17T19:24:55.690222,-0.11,-0.07,0.88,-52.86,5.07,-66.16
2025-10-17T19:24:55.691222,-0.14,-0.10,1.07,-33.57,5.37,-60.30
2025-10-17T19:24:55.749768,-0.04,-0.14,0.94,24.17,-14.34,-28.44
2025-10-17T19:24:55.749768,-0.12,-0.25,1.01,0.49,9.58,-39.61
2025-10-17T19:24:55.869389,-0.08,-0.19,1.00,-46.14,7.81,-71.04
2025-10-17T19:24:55.870389,-0.09,-0.20,1.00,-30.21,12.02,-67.32
2025-10-17T19:24:55.871392,-0.10,-0.17,1.07,38.57,8.97,-36.07
2025-10-17T19:24:55.873393,-0.15,-0.20,1.10,50.66,8.67,-33.75
2025-10-17T19:24:55.873393,-0.09,-0.01,1.15,-2.14,-0.67,-50.05
2025-10-17T19:24:55.929287,-0.07,-0.03,1.17,-16.66,-0.92,-32.47
2025-10-17T19:24:55.930286,-0.13,-0.21,1.18,-7.08,2.08,-24.66
2025-10-17T19:24:55.931289,-0.17,-0.16,1.29,15.38,-2.26,-15.69
2025-10-17T19:24:55.988570,-0.14,-0.13,1.27,25.94,-3.85,-12.88
2025-10-17T19:24:55.990569,-0.13,-0.13,1.30,39.49,-17.09,-5.98
2025-10-17T19:24:56.049097,-0.11,-0.06,1.31,24.17,-23.07,-8.24
2025-10-17T19:24:56.050096,-0.07,-0.05,1.32,-11.54,-29.85,-6.53
2025-10-17T19:24:56.109382,-0.05,-0.18,1.24,-6.59,-30.70,-5.13
2025-10-17T19:24:56.110381,-0.02,-0.16,1.22,15.20,-31.98,0.18
2025-10-17T19:24:56.111380,-0.02,-0.17,1.18,18.25,-28.56,1.83
2025-10-17T19:24:56.168887,-0.01,-0.16,1.21,9.28,-29.72,-6.04
2025-10-17T19:24:56.170602,0.02,-0.07,1.17,10.01,-34.97,-6.29
2025-10-17T19:24:56.228885,0.01,-0.03,1.14,40.28,-18.43,7.75
2025-10-17T19:24:56.229891,-0.01,-0.03,1.09,53.22,-12.45,8.61
2025-10-17T19:24:56.230893,0.04,0.01,1.11,15.50,-7.81,-2.87
2025-10-17T19:24:56.348461,0.04,0.01,1.13,-8.85,-23.50,-3.60
2025-10-17T19:24:56.348461,-0.01,-0.11,1.13,16.85,-29.97,8.18
2025-10-17T19:24:56.350878,0.04,-0.08,1.06,24.29,-36.50,5.62
2025-10-17T19:24:56.351879,0.08,0.03,1.07,-4.46,-28.02,-5.80
2025-10-17T19:24:56.353880,0.08,-0.01,1.09,2.26,-22.03,6.90
2025-10-17T19:24:56.408880,0.01,-0.12,1.03,18.13,-16.85,12.02
2025-10-17T19:24:56.409885,0.10,0.07,1.06,12.88,-19.29,2.32
2025-10-17T19:24:56.469295,0.14,0.07,1.04,-7.39,-21.42,0.61
2025-10-17T19:24:56.470295,0.01,-0.14,1.07,-2.44,-32.41,-2.75
2025-10-17T19:24:56.471294,0.13,-0.01,0.99,19.59,-32.04,8.30
2025-10-17T19:24:56.529163,0.15,0.10,1.00,14.28,-28.50,13.49
2025-10-17T19:24:56.530774,0.15,0.08,0.98,-3.36,-23.13,13.43
2025-10-17T19:24:56.588952,0.10,0.02,1.01,8.85,-22.34,23.86
2025-10-17T19:24:56.589950,0.24,0.25,0.90,18.68,-16.66,46.94
2025-10-17T19:24:56.590951,0.11,0.19,1.03,5.43,-5.55,57.68
2025-10-17T19:24:56.648627,-0.01,-0.19,0.97,-17.09,2.87,59.33
2025-10-17T19:24:56.650631,0.02,-0.05,0.96,-15.99,-19.90,26.86
2025-10-17T19:24:56.709270,0.32,0.11,0.85,-17.46,-23.68,26.86
2025-10-17T19:24:56.710272,0.08,-0.15,0.95,-19.78,-6.90,37.35
2025-10-17T19:24:56.768863,0.09,-0.31,0.88,8.61,-15.99,31.31
2025-10-17T19:24:56.769866,0.27,0.01,0.76,8.85,-23.86,11.11
2025-10-17T19:24:56.770865,0.21,0.06,0.74,-6.10,-13.61,14.10
2025-10-17T19:24:56.829306,-0.03,-0.32,0.74,0.85,-11.54,0.79
2025-10-17T19:24:56.830306,0.18,-0.10,0.63,22.16,-33.63,-25.45
2025-10-17T19:24:56.889178,0.27,0.10,0.58,10.56,-29.60,-20.45
2025-10-17T19:24:56.890180,0.15,0.03,0.53,-10.13,-3.05,-10.56
2025-10-17T19:24:56.891178,0.11,0.04,0.69,12.76,-4.03,6.65
2025-10-17T19:24:56.948865,0.30,0.09,0.62,33.45,-9.22,30.15
2025-10-17T19:24:56.949870,0.29,-0.01,0.68,7.57,9.40,7.93
2025-10-17T19:24:57.009459,0.28,-0.02,0.69,-5.92,11.54,-5.07
2025-10-17T19:24:57.010461,0.31,0.02,0.69,-3.42,13.06,-12.57
2025-10-17T19:24:57.011456,0.34,0.07,0.71,10.19,14.10,-10.62
2025-10-17T19:24:57.068861,0.40,0.07,0.72,6.23,11.84,-9.58
2025-10-17T19:24:57.069866,0.37,0.03,0.72,-11.29,20.81,-10.19
2025-10-17T19:24:57.129453,0.30,0.03,0.73,-6.59,15.56,-10.56
2025-10-17T19:24:57.130456,0.33,0.08,0.72,3.97,21.48,-0.06
2025-10-17T19:24:57.131453,0.27,0.03,0.78,7.69,30.46,4.03
2025-10-17T19:24:57.188858,0.24,0.04,0.86,5.07,31.25,-1.46
2025-10-17T19:24:57.189863,0.20,0.06,0.93,1.34,31.37,-3.85
2025-10-17T19:24:57.249303,0.23,0.09,0.95,0.31,35.58,-1.65
2025-10-17T19:24:57.308434,0.18,0.07,1.03,-0.06,36.80,5.68
2025-10-17T19:24:57.309439,0.10,0.01,1.06,-6.04,34.61,0.85
2025-10-17T19:24:57.310439,0.08,-0.02,1.04,-10.25,28.81,-9.95
2025-10-17T19:24:57.311442,0.08,0.03,0.99,-9.34,35.95,-9.16
2025-10-17T19:24:57.368853,0.02,0.04,1.10,-5.80,38.02,-3.91
2025-10-17T19:24:57.369859,-0.05,-0.01,1.08,0.43,24.23,1.71
2025-10-17T19:24:57.371859,0.00,-0.05,0.95,0.55,24.66,-1.53
2025-10-17T19:24:57.429269,-0.00,0.07,1.04,-2.44,24.78,-3.60
2025-10-17T19:24:57.430268,0.01,0.11,1.02,-0.12,20.94,4.27
2025-10-17T19:24:57.489325,-0.03,-0.08,0.99,-10.19,30.09,3.30
2025-10-17T19:24:57.490325,-0.03,-0.08,1.03,-10.19,22.71,-5.13
2025-10-17T19:24:57.491327,0.05,0.04,0.95,-8.12,26.12,0.67
2025-10-17T19:24:57.548849,-0.01,-0.03,0.98,-5.86,38.57,8.18
2025-10-17T19:24:57.608308,-0.03,-0.08,1.01,-3.97,43.33,2.87
2025-10-17T19:24:57.609311,-0.11,-0.07,1.12,-2.26,31.68,1.10
2025-10-17T19:24:57.610310,-0.07,-0.04,1.07,1.83,22.16,4.09
2025-10-17T19:24:57.669416,-0.05,-0.06,1.01,-0.06,29.60,0.37
2025-10-17T19:24:57.670413,-0.08,-0.05,1.05,5.00,31.37,0.73
2025-10-17T19:24:57.671414,-0.14,-0.03,1.12,-1.22,24.84,-0.37
2025-10-17T19:24:57.729437,-0.13,-0.08,1.04,0.00,25.27,-3.66
2025-10-17T19:24:57.730437,-0.14,-0.04,1.08,4.21,24.35,-1.71
2025-10-17T19:24:57.789108,-0.17,-0.07,1.08,-0.24,28.75,-5.62
2025-10-17T19:24:57.790108,-0.21,-0.04,1.13,-4.27,25.51,-10.07
2025-10-17T19:24:57.791109,-0.18,0.01,1.08,-3.54,19.35,-7.02
2025-10-17T19:24:57.848842,-0.18,-0.01,1.05,-1.28,22.22,-4.33
2025-10-17T19:24:57.849848,-0.21,-0.03,1.06,-0.67,26.25,-2.62
2025-10-17T19:24:57.908842,-0.25,-0.06,1.09,-8.73,23.86,-4.76
2025-10-17T19:24:57.909847,-0.23,-0.10,1.04,-6.90,20.32,-6.90
2025-10-17T19:24:57.910848,-0.15,-0.01,1.00,-0.85,27.16,-5.98
2025-10-17T19:24:57.969360,-0.14,0.00,1.03,-0.92,31.19,-1.34
2025-10-17T19:24:57.970364,-0.21,-0.05,1.11,3.85,24.66,-2.44
2025-10-17T19:24:58.028836,-0.20,0.01,1.10,3.17,17.88,-3.23
2025-10-17T19:24:58.029844,-0.26,0.03,1.09,-0.37,25.39,-6.90
2025-10-17T19:24:58.030841,-0.38,0.05,1.13,-7.81,21.00,-5.92
2025-10-17T19:24:58.089318,-0.41,-0.01,1.10,-5.07,15.93,1.16
2025-10-17T19:24:58.090318,-0.36,-0.11,0.97,-3.11,9.89,-3.23
2025-10-17T19:24:58.148972,-0.31,-0.05,0.96,-5.07,11.17,-8.91
2025-10-17T19:24:58.149975,-0.33,-0.04,0.99,-5.92,12.76,-3.60
2025-10-17T19:24:58.150973,-0.35,-0.09,0.98,0.49,8.00,2.14
2025-10-17T19:24:58.208831,-0.31,-0.14,0.92,1.95,9.09,-4.33
2025-10-17T19:24:58.209715,-0.29,0.01,0.98,1.34,12.45,-10.01
2025-10-17T19:24:58.268518,-0.29,0.04,0.99,6.35,13.18,2.08
2025-10-17T19:24:58.328409,-0.38,-0.09,1.08,-2.26,2.93,4.58
2025-10-17T19:24:58.329414,-0.28,-0.08,0.90,-1.53,2.44,-2.44
2025-10-17T19:24:58.331417,-0.30,-0.02,0.98,-19.90,13.24,-12.15
2025-10-17T19:24:58.331417,-0.34,0.03,1.06,-0.24,5.86,9.70
2025-10-17T19:24:58.388536,-0.33,-0.03,1.11,-5.86,-5.62,22.09
2025-10-17T19:24:58.390539,-0.33,-0.14,0.94,-24.17,-12.15,14.10
2025-10-17T19:24:58.449276,-0.36,-0.20,0.98,-38.02,-1.65,-8.73
2025-10-17T19:24:58.450275,-0.34,-0.07,1.05,-23.68,-6.35,-7.81
2025-10-17T19:24:58.451278,-0.30,-0.04,1.06,-6.47,-16.24,22.09
2025-10-17T19:24:58.509419,-0.20,-0.07,0.96,-19.35,-15.14,30.70
2025-10-17T19:24:58.510418,-0.35,-0.18,0.99,-46.14,2.14,12.45
2025-10-17T19:24:58.568822,-0.37,-0.22,1.04,-35.34,1.46,3.91
2025-10-17T19:24:58.569827,-0.29,-0.12,0.98,-1.77,-10.07,14.47
2025-10-17T19:24:58.571828,-0.25,-0.07,0.99,4.27,-4.94,27.89
2025-10-17T19:24:58.629495,-0.22,-0.03,0.97,-30.21,-1.77,42.11
2025-10-17T19:24:58.630492,-0.38,-0.25,0.98,-37.05,9.89,32.59
2025-10-17T19:24:58.688821,-0.41,-0.29,0.99,-34.42,10.31,11.23
2025-10-17T19:24:58.689826,-0.32,0.00,1.11,-23.74,-5.43,21.12
2025-10-17T19:24:58.748399,-0.29,0.10,1.13,-17.52,-11.47,55.79
2025-10-17T19:24:58.749404,-0.32,-0.15,1.05,-3.48,-12.02,95.76
2025-10-17T19:24:58.750405,-0.43,-0.38,1.01,3.36,-26.43,70.01
2025-10-17T19:24:58.809408,-0.35,-0.24,1.02,7.45,-20.69,60.18
2025-10-17T19:24:58.810412,-0.34,-0.11,1.13,16.54,-10.56,81.24
2025-10-17T19:24:58.811409,-0.29,-0.11,1.08,23.01,-11.96,104.43
2025-10-17T19:24:58.869481,-0.27,-0.21,0.96,21.30,-19.23,104.19
2025-10-17T19:24:58.870482,-0.28,-0.17,0.99,-18.49,-10.56,59.51
2025-10-17T19:24:58.928813,-0.13,0.07,0.96,-46.14,-2.01,62.38
2025-10-17T19:24:58.929818,-0.22,0.06,0.94,-46.57,6.71,104.61
2025-10-17T19:24:58.930818,-0.37,-0.07,1.00,-35.46,8.18,124.33
2025-10-17T19:24:58.989429,-0.42,-0.20,0.99,15.56,-21.06,126.77
2025-10-17T19:24:58.990428,-0.27,-0.14,0.85,15.56,-45.35,107.73
2025-10-17T19:24:59.048811,-0.21,0.10,0.81,-8.30,-37.60,117.07
2025-10-17T19:24:59.049817,-0.26,-0.04,0.85,6.35,-25.39,138.79
2025-10-17T19:24:59.168397,-0.30,-0.16,0.88,10.13,-25.94,121.03
2025-10-17T19:24:59.169397,-0.15,-0.09,0.83,-22.40,-23.86,76.29
2025-10-17T19:24:59.170397,-0.17,-0.03,0.85,-41.38,-14.89,62.68
2025-10-17T19:24:59.172397,-0.28,-0.06,1.00,-46.75,-11.96,78.67
2025-10-17T19:24:59.173397,-0.36,-0.19,1.06,-29.11,-16.36,66.04
2025-10-17T19:24:59.174398,-0.29,-0.11,0.99,-23.01,-16.91,52.61
2025-10-17T19:24:59.228806,-0.22,0.14,1.09,-27.65,-21.55,60.61
2025-10-17T19:24:59.230482,-0.23,0.13,1.10,-18.74,-32.96,83.74
2025-10-17T19:24:59.289303,-0.28,-0.26,0.95,-0.85,-9.28,76.17
2025-10-17T19:24:59.290304,-0.29,-0.26,1.00,-26.49,-5.49,33.75
2025-10-17T19:24:59.348803,-0.28,0.06,1.13,-25.88,-22.71,33.45
2025-10-17T19:24:59.349811,-0.20,0.07,1.17,3.05,-39.00,53.71
2025-10-17T19:24:59.350807,-0.10,-0.00,0.93,8.85,-37.23,48.83
2025-10-17T19:24:59.409353,-0.07,0.00,0.87,-5.00,-10.31,32.53
2025-10-17T19:24:59.410357,-0.08,0.01,0.99,-11.60,4.94,31.98
2025-10-17T19:24:59.468799,-0.13,-0.03,1.10,-5.98,-1.77,31.74
2025-10-17T19:24:59.469805,-0.14,-0.11,1.12,24.84,-6.16,38.21
2025-10-17T19:24:59.470806,-0.13,-0.15,1.11,25.02,-5.25,24.11
2025-10-17T19:24:59.528797,-0.16,-0.13,1.34,21.30,-5.49,3.17
2025-10-17T19:24:59.529802,-0.15,-0.08,1.50,24.90,-26.49,-1.16
2025-10-17T19:24:59.588795,0.00,0.08,1.33,26.43,-51.33,-0.24
2025-10-17T19:24:59.589801,0.06,0.06,1.30,42.05,-17.94,12.21
2025-10-17T19:24:59.590800,0.01,-0.05,1.41,59.20,3.23,15.26
2025-10-17T19:24:59.649295,0.08,0.23,1.51,-11.17,-10.07,-7.51
2025-10-17T19:24:59.650227,0.04,0.34,1.53,-43.64,-7.87,-3.54
2025-10-17T19:24:59.769383,0.00,0.10,1.51,-32.90,17.52,32.29
2025-10-17T19:24:59.770387,-0.03,-0.18,1.44,-16.72,29.11,21.97
2025-10-17T19:24:59.771383,-0.05,-0.20,1.22,0.43,31.80,-0.43
2025-10-17T19:24:59.772383,-0.13,-0.01,1.26,-17.58,36.50,-31.92
2025-10-17T19:24:59.773384,-0.20,0.03,1.34,-25.27,26.00,-32.29
2025-10-17T19:24:59.829404,-0.16,0.04,1.19,-15.32,-1.53,-20.20
2025-10-17T19:24:59.830401,-0.06,0.05,0.95,-18.19,-3.78,-24.11
2025-10-17T19:24:59.889142,-0.10,0.03,0.93,-34.91,10.86,-35.03
2025-10-17T19:24:59.890141,-0.24,-0.15,1.10,-18.55,7.08,-28.38
2025-10-17T19:24:59.891143,-0.28,-0.19,1.11,-20.69,-13.37,-45.65
2025-10-17T19:24:59.948548,-0.14,0.10,0.93,-27.83,-44.25,-47.00
2025-10-17T19:24:59.950549,-0.09,0.15,0.90,-25.27,-39.49,-18.98
2025-10-17T19:25:00.009449,-0.16,-0.01,0.91,-22.89,-44.01,23.44
2025-10-17T19:25:00.010448,-0.16,-0.18,0.83,-18.37,-53.65,25.94
2025-10-17T19:25:00.011450,-0.05,-0.27,0.54,-19.17,-55.85,-2.14
2025-10-17T19:25:00.068784,0.01,-0.09,0.44,-28.75,-32.71,-29.85
2025-10-17T19:25:00.069790,-0.05,-0.01,0.49,-34.85,-21.55,-30.64
2025-10-17T19:25:00.129181,-0.19,-0.01,0.58,-28.56,-31.56,-18.25
2025-10-17T19:25:00.130182,-0.20,-0.02,0.56,-4.52,-64.70,2.99
2025-10-17T19:25:00.131182,0.09,0.01,0.22,12.02,-69.46,8.00
2025-10-17T19:25:00.189162,0.24,-0.01,0.06,-5.86,-38.33,6.41
2025-10-17T19:25:00.190164,0.13,-0.08,0.23,-13.73,-15.87,7.26
2025-10-17T19:25:00.308765,0.00,-0.23,0.54,12.76,-15.32,21.73
2025-10-17T19:25:00.309765,0.09,-0.27,0.52,18.37,-21.73,20.02
2025-10-17T19:25:00.310765,0.21,-0.24,0.47,15.14,-4.88,15.38
2025-10-17T19:25:00.312763,0.16,-0.23,0.65,7.51,17.09,13.31
2025-10-17T19:25:00.313766,0.02,-0.25,0.79,15.26,16.17,13.06
2025-10-17T19:25:00.428427,0.10,-0.24,0.82,32.17,10.93,12.08
2025-10-17T19:25:00.429433,0.14,-0.16,0.78,28.26,16.60,8.85
2025-10-17T19:25:00.430430,0.08,-0.13,0.93,11.29,33.33,2.75
2025-10-17T19:25:00.431431,-0.01,-0.14,1.08,6.04,27.34,2.62
2025-10-17T19:25:00.433430,0.02,-0.19,1.09,15.20,16.17,1.10
2025-10-17T19:25:00.489168,0.12,-0.13,1.00,16.72,18.86,-3.17
2025-10-17T19:25:00.490170,0.08,-0.09,1.07,13.55,21.55,-1.59
2025-10-17T19:25:00.549273,0.05,-0.08,1.13,18.13,20.51,0.67
2025-10-17T19:25:00.550270,0.06,-0.07,1.17,5.13,22.71,-8.36
2025-10-17T19:25:00.551271,0.01,-0.01,1.21,-5.98,18.49,-13.24
2025-10-17T19:25:00.608522,-0.01,0.02,1.18,19.90,12.39,12.51
2025-10-17T19:25:00.610524,-0.02,-0.00,1.18,30.88,16.97,21.85
2025-10-17T19:25:00.669321,-0.00,-0.07,1.17,8.54,22.28,5.00
2025-10-17T19:25:00.670323,-0.01,-0.07,1.15,-0.31,17.58,-4.64
2025-10-17T19:25:00.671323,0.01,-0.02,1.08,15.87,9.77,5.62
2025-10-17T19:25:00.729345,0.00,-0.02,1.09,22.03,12.82,15.38
2025-10-17T19:25:00.730349,-0.04,-0.06,1.14,13.85,12.94,10.25
2025-10-17T19:25:00.789437,0.01,-0.11,1.04,10.25,9.22,-0.73
2025-10-17T19:25:00.790434,0.00,-0.06,1.06,15.08,7.02,-1.83
2025-10-17T19:25:00.791436,0.00,0.01,1.06,24.66,6.47,8.61
2025-10-17T19:25:00.848761,0.01,-0.01,1.04,21.36,11.96,7.81
2025-10-17T19:25:00.849768,0.00,-0.08,1.01,16.11,16.24,-1.46
2025-10-17T19:25:00.908420,-0.05,-0.03,1.09,17.52,7.26,-1.16
2025-10-17T19:25:00.910423,-0.03,0.05,1.10,14.89,4.88,1.53
2025-10-17T19:25:00.911420,-0.01,0.01,1.03,15.50,15.01,4.33
2025-10-17T19:25:00.968759,-0.04,-0.02,1.04,12.88,18.01,1.95
2025-10-17T19:25:00.969763,-0.09,-0.03,1.10,23.74,14.53,3.48
2025-10-17T19:25:01.089370,-0.08,0.00,1.11,25.15,10.50,1.89
2025-10-17T19:25:01.090375,-0.04,0.05,1.05,18.31,6.84,-1.83
2025-10-17T19:25:01.091376,-0.04,0.04,1.04,15.99,15.32,-3.72
2025-10-17T19:25:01.092375,-0.10,0.07,1.11,9.89,13.98,-7.08
2025-10-17T19:25:01.093375,-0.10,0.13,1.11,-0.73,4.39,-9.95
2025-10-17T19:25:01.148752,-0.10,0.15,1.08,3.42,0.31,-0.79
2025-10-17T19:25:01.149758,-0.07,0.10,1.03,19.23,-4.03,16.48
2025-10-17T19:25:01.150759,-0.03,0.06,0.97,16.54,14.83,7.69
2025-10-17T19:25:01.208751,-0.07,0.10,1.00,-1.28,9.22,-1.46
2025-10-17T19:25:01.209756,-0.12,0.12,1.09,3.66,3.48,4.39
2025-10-17T19:25:01.269343,-0.11,0.12,1.06,18.37,-5.80,14.95
2025-10-17T19:25:01.270343,-0.04,0.11,0.94,17.88,-1.95,12.94
2025-10-17T19:25:01.328746,-0.08,0.10,0.99,7.63,6.16,4.58
2025-10-17T19:25:01.329751,-0.16,0.13,1.14,6.29,-6.65,2.20
2025-10-17T19:25:01.330751,-0.14,0.16,1.10,21.73,-21.79,12.02
2025-10-17T19:25:01.388416,-0.06,0.14,0.96,23.93,-18.98,14.40
2025-10-17T19:25:01.390420,-0.04,0.12,0.94,12.94,-1.46,2.75
2025-10-17T19:25:01.448516,-0.10,0.13,1.04,8.67,1.77,-2.62
2025-10-17T19:25:01.450517,-0.11,0.20,1.08,18.43,-9.22,2.81
2025-10-17T19:25:01.451517,-0.08,0.21,1.04,22.16,-12.27,7.93
2025-10-17T19:25:01.569335,-0.02,0.15,0.95,20.51,-1.89,5.25
2025-10-17T19:25:01.570339,-0.07,0.18,1.03,9.16,9.34,-6.10
2025-10-17T19:25:01.571335,-0.10,0.23,1.09,9.83,5.00,-6.04
2025-10-17T19:25:01.572335,-0.08,0.26,1.05,14.22,-1.46,2.50
2025-10-17T19:25:01.573335,-0.07,0.22,1.03,14.22,0.61,5.07
2025-10-17T19:25:01.629205,-0.07,0.18,1.01,12.21,4.27,0.12
2025-10-17T19:25:01.630203,-0.09,0.23,1.03,7.93,2.99,-3.42
2025-10-17T19:25:01.688738,-0.08,0.28,1.03,8.18,-0.49,2.26
2025-10-17T19:25:01.689717,-0.08,0.22,1.01,8.54,-1.10,7.45
2025-10-17T19:25:01.690722,-0.08,0.18,0.99,8.85,-1.28,5.25
2025-10-17T19:25:01.749330,-0.07,0.20,1.00,7.14,-1.46,-1.65
2025-10-17T19:25:01.750334,-0.07,0.27,1.01,5.37,-3.11,-2.14
2025-10-17T19:25:01.809296,-0.06,0.27,1.01,7.39,-3.60,6.10
2025-10-17T19:25:01.810296,-0.04,0.21,0.97,9.28,-1.10,6.10
2025-10-17T19:25:01.811293,-0.05,0.20,0.96,6.16,5.25,0.79
2025-10-17T19:25:01.869214,-0.11,0.25,1.07,2.20,4.09,-2.50
2025-10-17T19:25:01.870213,-0.09,0.26,1.05,5.19,-0.98,0.67
2025-10-17T19:25:01.929328,-0.06,0.24,0.98,4.46,-1.40,0.00
2025-10-17T19:25:01.930329,-0.06,0.24,0.98,4.21,0.00,-1.40
2025-10-17T19:25:01.931329,-0.07,0.27,1.00,1.16,-1.40,-3.11
2025-10-17T19:25:01.989324,-0.07,0.28,1.00,2.50,-1.89,1.89
2025-10-17T19:25:01.990329,-0.06,0.24,0.98,4.09,-1.28,2.44
2025-10-17T19:25:02.048729,-0.06,0.22,0.98,3.05,-0.79,-1.22
2025-10-17T19:25:02.049734,-0.06,0.24,0.99,4.15,-1.53,-2.44
2025-10-17T19:25:02.050735,-0.04,0.27,0.96,7.57,-0.55,0.61
2025-10-17T19:25:02.108393,-0.04,0.26,0.97,5.86,2.50,0.92
2025-10-17T19:25:02.110398,-0.07,0.26,1.01,1.53,2.32,-2.93
